,country,region,population,GDP,happiness_rank,happiness_score,standard_error,economy,family,health,freedom,trust,generosity,residual,true_residual,built_up_land_BiocapTot,built_up_land_EFConsTot,built_up_land_EFProdTot,built_up_land_EFNetradeTot,carbon_BiocapTot,carbon_EFConsTot,carbon_EFProdTot,carbon_EFNetradeTot,crop_land_BiocapTot,crop_land_EFConsTot,crop_land_EFProdTot,crop_land_EFNetradeTot,fishing_ground_BiocapTot,fishing_ground_EFConsTot,fishing_ground_EFProdTot,fishing_ground_EFNetradeTot,forest_land_BiocapTot,forest_land_EFConsTot,forest_land_EFProdTot,forest_land_EFNetradeTot,grazing_land_BiocapTot,grazing_land_EFConsTot,grazing_land_EFProdTot,grazing_land_EFNetradeTot,total_BiocapTot,total_EFConsTot,total_EFProdTot,total_EFNetradeTot
0,Afghanistan,Southern Asia,31.628,19300.733976,153,3.575,0.03084,0.31982,0.30285,0.30335,0.23414000000000001,0.09719,0.3651,1.9521,0.0004499999999998394,1.458818878,1.458818878,1.458818878,0.0,0.0,4.898568052,3.3727750380000003,1.5257930133400002,7.96035955,9.92841962,7.96035955,1.9680600698,0.0,0.007836169394,0.001536006061,0.006300163332999999,0.6085233355999999,2.220736852,1.9208683340000001,0.299868518611,5.914984107999999,5.910275544,5.70467232,0.20560322399,15.94268587,24.42465511,20.41903013,4.0056249894
1,Albania,Central and Eastern Europe,2.89,12755.188400000003,95,4.959,0.05013,0.8786700000000001,0.8043399999999999,0.81325,0.35733000000000004,0.06412999999999999,0.14272,1.89894,-0.0003800000000007131,0.1149291623,0.1149291623,0.1149291623,0.0,0.0,2.592726604,1.715084249,0.8776423548,1.142740274,1.87869523,1.142740274,0.7359549563400001,0.2366175565,0.07302416352,0.027590052889999998,0.04543411064,0.912743234,0.8387929431000001,0.4794543578,0.35933858526999995,0.6316040453999999,0.6904705285,0.6316040453999999,0.058866483059999995,3.038634272,6.188638631,4.111402141,2.0772364894999997
2,Algeria,Middle East and Northern Africa,38.934,182051.10126,68,5.605,0.05099,0.93929,1.07772,0.61766,0.28579,0.17382999999999998,0.07822,2.43209,0.0004000000000008441,1.092607128,1.092607128,1.092607128,0.0,0.0,57.085922659999994,45.706751579999995,11.379171079,7.898585699,22.686433809999997,7.898585699,14.787848107799999,0.3212567785,0.6011607869,0.29505541409999997,0.306105372743,1.100761206,6.739892206,3.3503008939999996,3.3895913114100003,10.67090338,7.134555918999999,4.894425715,2.2401302048099994,21.08411419,95.3405725,63.23772643,32.102846069
3,Angola,Sub-Saharan Africa,24.228,90796.12596,137,4.033,0.047580000000000004,0.75778,0.8604,0.16683,0.10384000000000002,0.07122,0.12344000000000001,1.9493900000000002,9.999999999976694e-05,1.1449451210000001,1.1449451210000001,1.1449451210000001,0.0,0.0,18.762274379999997,6.945603962,11.816670419999998,6.044876813999999,9.281379722999999,6.044876813999999,3.2365029095099995,5.444054683999999,3.583284121,2.2543307230000003,1.32895339847,13.06765549,2.6709386,2.511558767,0.15937983343,29.78759413,2.3247828590000004,1.899932507,0.424850352135,55.48912623,37.767604799999994,20.80124789,16.966356914000002
4,Argentina,Latin America and Caribbean,42.98,443691.13600000006,30,6.574,0.04612,1.05351,1.24823,0.78723,0.44974,0.08484,0.11450999999999999,2.8360000000000003,-5.9999999999504894e-05,4.513279213000001,4.513279213000001,4.513279213000001,0.0,0.0,55.05947491,67.04602955,-11.98655463,111.2701595,48.538759219999996,111.2701595,-62.7314002324,69.28277176,3.72425617,8.607172004,-4.8829158339,26.253815260000003,10.53663734,9.433302155,1.1033351859999998,77.03480352,36.212114469999996,43.62483611,-7.41272163526,288.3548292,158.5845213,244.4947785,-85.91025711
5,Armenia,Central and Eastern Europe,3.006,11504.98404,127,4.35,0.04763,0.7682100000000001,0.7771100000000001,0.7299,0.19847,0.039,0.07855,1.75873,2.9999999999752447e-05,0.18504634469999998,0.18504634469999998,0.18504634469999998,0.0,0.0,2.560362241,1.856992851,0.7033693894999999,1.062873662,1.869097638,1.062873662,0.80622397557,0.04669684057,0.01943662404,0.0016921498870000001,0.017744474149999998,0.2812142271,0.7596324346000001,0.5950897235,0.16454271115430003,0.7867190275,0.6746236214,0.5163947591,0.15822886232,2.362550102,6.068198904,4.218089491000001,1.8501094133000002
6,Australia,Australia and New Zealand,23.622,1284902.1546,10,7.284,0.04083,1.33358,1.30923,0.93156,0.6512399999999999,0.35636999999999996,0.43562,2.26646,-6.000000000039307e-05,1.4969521409999997,1.4969521409999997,1.4969521409999997,0.0,0.0,111.0268582,133.2573563,-22.230498120000004,55.800442780000004,16.04908752,55.800442780000004,-39.751355258000004,74.11917956,2.875812479,0.8161428112,2.0596696678,46.18047143,20.37921913,19.69619573,0.6830233989999993,135.42361440000002,10.82992936,65.98558549,-55.1556561253,313.02066030000003,162.6578588,277.05267530000003,-114.39481643
7,Austria,Western Europe,8.517,407850.1722,13,7.2,0.03751,1.33723,1.29704,0.8904200000000001,0.62433,0.18675999999999998,0.33088,2.5332,0.00014000000000091717,1.287431198,1.287431198,1.287431198,0.0,0.0,33.092175929999996,22.23914906,10.85302687,5.9301258379999995,7.812094758,5.9301258379999995,1.8819689199999998,0.026343509159999997,0.5414463967,0.0005376021214,0.5409087946000001,17.15873827,5.164634024000001,10.453691449999999,-5.28905743,1.2710205479999999,2.151246799,1.2710205479999999,0.880226251,25.67365936,50.0490291,41.1819557,8.867073409999996
8,Azerbaijan,Central and Eastern Europe,9.63,58964.297399999996,80,5.212000000000001,0.03363,1.02389,0.9379299999999999,0.64045,0.3703,0.16065,0.07799,2.00073,6.000000000128125e-05,0.4463057327,0.4463057327,0.4463057327,0.0,0.0,12.13256824,11.03811412,1.0944541179999998,3.237662003,5.254527071,3.237662003,2.0168650678000004,0.14476020579999999,0.08370507583,0.001944095738,0.08176098008923,1.090227498,0.8886404225,0.1645589785,0.724081444015,1.869318852,2.08687981,1.869318852,0.21756095795000002,6.7882742920000005,20.89262635,16.75790378,4.134722568
9,Bahrain,Middle East and Northern Africa,1.362,30496.1334,49,5.96,0.05412,1.32376,1.21624,0.74716,0.45492,0.306,0.17362,1.73797,0.00033000000000082963,0.1009040995,0.1009040995,0.1009040995,0.0,0.0,9.936906312000001,11.30183269,-1.364926375,0.011536569100000001,0.6788439607000001,0.011536569100000001,0.6673073916,0.6146794473,0.1116486845,0.04455536386,0.06709332066000001,0.0011088027300000002,0.4746549761,0.002669405022,0.47198557112899997,0.0,0.5609123199999999,0.0,0.56091232002,0.7282289187000001,11.86387035,11.46149813,0.4023722280000001
10,Bangladesh,Southern Asia,159.078,146695.527558,109,4.694,0.03077,0.39753,0.43106000000000005,0.60164,0.4082,0.12569,0.21222,2.51767,-9.999999999621423e-06,12.4476343,12.4476343,12.4476343,0.0,0.0,43.4437748,24.213688530000002,19.230086266000004,43.13569217,53.46133226,43.13569217,10.325640086,8.341085801,3.4389730510000005,2.911402389,0.527570662,0.6411644721,12.89091028,10.44333982,2.4475704603499997,0.5206072155,0.7252519509999998,0.5206072155,0.2046447355254,65.08618396,126.4078766,93.67236443,32.735512213999996
11,Belarus,Central and Eastern Europe,9.5,63308.95,59,5.813,0.03938,1.0319200000000002,1.23289,0.7360800000000001,0.37938,0.1909,0.11045999999999999,2.1309,0.00046999999999997044,0.7655820389000001,0.7655820389000001,0.7655820389000001,0.0,0.0,22.31420018,21.64502098,0.6691791999999993,13.112547900000001,11.12069572,13.112547900000001,-1.9918521740000001,0.17244738759999997,0.8998884434,0.002690733565,0.8971977094,16.00318293,8.134710092,11.178963869999999,-3.044253783,2.576886088,1.347784794,2.576886088,-1.2291012935999999,32.63064634,44.58286127,49.28169161,-4.69883034
12,Belgium,Western Europe,11.226,501828.01980000007,19,6.937,0.03595,1.30782,1.28566,0.8966700000000001,0.5845,0.2254,0.2225,2.4148400000000003,-0.0003900000000003345,2.140643361,2.140643361,2.140643361,0.0,0.0,45.26114392,32.10301516,13.15812875999999,4.459919747,13.89303584,4.459919747,9.433116099999998,0.48473842359999997,1.327501244,0.1868574662,1.1406437779999998,3.094342145,7.973205489,3.539893848,4.43331164,0.3631541767,4.683638349,0.3631541767,4.3204841730000005,10.54279785,75.27916821,42.79348376,32.485684499999984
13,Benin,Sub-Saharan Africa,10.598,8835.149876,155,3.34,0.03656,0.28665,0.35386,0.3191,0.4845,0.0801,0.1826,1.6332799999999998,-9.000000000014552e-05,0.4676373552,0.4676373552,0.4676373552,0.0,0.0,3.77356211,1.820754389,1.9528077207,5.575034241,6.335817616000001,5.575034241,0.760783375,0.2275577965,0.8232625144,0.2297163333,0.593546181142,3.280557475,2.581396959,2.834462976,-0.25306601714000004,0.3724372328,0.3865698589,0.3724372328,0.014132626069999998,9.923224099999999,14.36824641,11.300042529999999,3.068203886
14,Bhutan,Southern Asia,0.765,1912.6989000000003,79,5.252999999999999,0.03225,0.77042,1.10395,0.57407,0.5320600000000001,0.15445,0.47998,1.63794,0.0001299999999995194,0.19794934549999998,0.19794934549999998,0.19794934549999998,0.0,0.0,0.6477342224,0.3442121815,0.3035220409,0.21917377770000002,0.3329719325,0.21917377770000002,0.11379815483,0.01018505893,0.02402133054,7.680030305e-06,0.024013650509999998,3.2480051360000006,2.059429668,2.033375882,0.026053786157,0.25862289569999997,0.28379047139999997,0.210691859,0.07309861242026,3.9339362139999996,3.5458969710000003,3.0054107260000005,0.5404862448
15,Bolivia,Latin America and Caribbean,10.562,24474.900120000002,51,5.89,0.056420000000000005,0.68133,0.97841,0.5392,0.57414,0.08800000000000001,0.20536,2.82334,0.0002199999999996649,0.6837218201,0.6837218201,0.6837218201,0.0,0.0,7.873421769999999,6.7028976160000004,1.1705241539999995,7.154243467000001,4.225772266,7.154243467000001,-2.9284712005,0.5618328535,0.1008877671,0.01073668237,0.09015108477285798,142.6895943,1.886639966,1.60599848,0.28064148612999995,23.05293057,17.701810440000003,17.8275227,-0.12571225832,174.1423231,32.47225403,33.98512077,-1.5128667350000002
16,Bosnia and Herzegovina,Central and Eastern Europe,3.818,19062.93038,96,4.949,0.06913,0.8322299999999999,0.9191600000000001,0.79081,0.09245,0.00227,0.24808000000000002,2.06367,0.00032999999999994145,0.05486665307000001,0.05486665307000001,0.05486665307000001,0.0,0.0,6.9077904629999995,7.770866446,-0.8630759819999998,1.064232303,2.3588254550000003,1.064232303,1.2945931525999999,0.01191272637,0.07890150216,0.00046848184860000003,0.07843302030999999,4.303815904,1.946308759,2.5017261,-0.5554173403,0.720676598,1.214088834,0.720676598,0.49341223603,6.155504185,12.56078167,12.11283658,0.4479450860000001
17,Botswana,Sub-Saharan Africa,2.22,16814.9016,128,4.332,0.049339999999999995,0.99355,1.10464,0.047760000000000004,0.49495,0.12474,0.10461,1.46181,-6.000000000039307e-05,0.03326267946,0.03326267946,0.03326267946,0.0,0.0,4.046082331,2.442594237,1.6034880936999998,0.1110010844,0.6852417744,0.1110010844,0.57424069011,0.5515374871000001,0.03383693536,0.000555351072,0.033281584282,1.2330711189999999,0.45234171500000003,0.3417891736,0.11055254139819999,5.028548786999999,0.3808587136,1.8029613999999998,-1.4221026856400003,6.957421157000001,5.631624149,4.732163925,0.8994602239999999
18,Brazil,Latin America and Caribbean,206.078,2445403.9792,16,6.983,0.040760000000000005,0.98124,1.2328700000000001,0.69702,0.49049,0.17521,0.14574,3.26001,0.00042000000000008697,19.29281598,19.29281598,19.29281598,0.0,0.0,191.4548565,177.7852921,13.669564420000002,233.0029939,145.4941339,233.0029939,-87.50885995,34.108208090000005,9.61114825,6.988039316000001,2.6231089335,1337.458564,103.91810290000001,144.1138732,-40.195770296000006,200.4153826,164.4740769,200.4153826,-35.941305758999995,1824.277965,634.2451344,781.5983971,-147.35326273
19,Bulgaria,Central and Eastern Europe,7.201,52564.05955,134,4.218,0.04828,1.01216,1.10614,0.76649,0.30587,0.00872,0.11921,0.89991,-0.0004999999999997229,1.1551832020000001,1.1551832020000001,1.1551832020000001,0.0,0.0,14.034782949999999,15.66719716,-1.632414210000001,12.784126070000001,4.375577799999999,12.784126070000001,-8.408548276,0.8730221062000001,0.22142359779999998,0.0201798513,0.20124374649,8.731012166000001,2.078165655,3.121712023,-1.0435463680000003,0.4809558312,0.9596584877000001,0.4809558312,0.4787026565,24.02429938,22.82479169,33.22935414,-10.40456244
20,Burkina Faso,Sub-Saharan Africa,17.589,11251.85919,152,3.5869999999999997,0.04324,0.25811999999999996,0.85188,0.27125,0.39493,0.12832000000000002,0.21746999999999997,1.46494,9.000000000014552e-05,1.3218669939999999,1.3218669939999999,1.3218669939999999,0.0,0.0,2.1626514180000003,0.9796808242,1.1829705935,11.37054655,10.181156699999999,11.37054655,-1.1893898554,0.022796882799999998,0.49993171399999997,0.025054128789999998,0.47487758522,4.069516126,6.066288717,6.025666716,0.04062200109999999,2.826786413,2.8385105160000004,2.826786413,0.011724103349999997,19.61151297,23.07040606,22.549601629999998,0.5208044280000003
21,Burundi,Sub-Saharan Africa,10.817,2629.634334,157,2.905,0.08657999999999999,0.0153,0.41586999999999996,0.22396,0.1185,0.10062,0.19727,1.83302,0.00045999999999990493,0.3728476732,0.3728476732,0.3728476732,0.0,0.0,0.325501549,0.1513020578,0.17419949126,2.302840294,2.385288351,2.302840294,0.08244805640999998,0.07905370648,0.03659274355,0.01480857685,0.021784166707700003,0.09338488,2.7575232979999997,2.748210902,0.009312395816,0.6562752405,0.6642430493,0.6562752405,0.007967808767699999,3.5044017949999997,6.541996663,6.2462847439999996,0.2957119188999999
22,Cameroon,Sub-Saharan Africa,22.773,32524.85406,133,4.252,0.04678,0.4225,0.8876700000000001,0.23401999999999998,0.49309,0.05786,0.20618000000000003,1.95071,-2.9999999999752447e-05,1.368115639,1.368115639,1.368115639,0.0,0.0,4.64978123,2.129847165,2.5199340650999997,13.7329513,13.67334083,13.7329513,-0.05961047300000023,1.6949397350000002,1.8803156719999998,0.33041340269999997,1.5499022695600002,19.306417030000002,5.229502881,6.241533319,-1.0120304384,2.089813362,2.2144823019999995,2.089813362,0.12466894026,38.19223707,29.01553856,25.89267419,3.1228643640000002
23,Canada,North America,35.588,1781784.396,5,7.4270000000000005,0.03553,1.32629,1.32261,0.9056299999999999,0.63297,0.32957,0.45811,2.4517599999999997,6.000000000039307e-05,2.2197535609999997,2.2197535609999997,2.2197535609999997,0.0,0.0,190.80778859999998,197.94240430000002,-7.13461575,95.41053142,38.11592414,95.41053142,-57.29460728,119.8834641,4.881863056,5.0171133789999995,-0.1352503229999994,314.9499838,38.90852166,107.05181970000001,-68.14329809,10.23120043,11.536828980000001,10.23120043,1.305628551,542.6949332,286.4706799,417.8728228,-131.4021429
24,Central African Republic,Sub-Saharan Africa,4.804,1453.430984,148,3.678,0.06112000000000001,0.0785,0.0,0.06699,0.48878999999999995,0.08288999999999999,0.23835,2.7223,0.00017999999999984695,0.17526268520000002,0.17526268520000002,0.17526268520000002,0.0,0.0,0.1838306318,0.1033897395,0.08044089233,1.352080264,1.400881525,1.352080264,0.048801261575000005,0.0,0.08514546022000001,0.04454417577,0.04060128445,31.251053969999997,1.056700726,1.1546790359999999,-0.097978309878,2.594617748,2.501005108,2.594617748,-0.09361264017,35.373014659999996,5.402826136,5.424573647999999,-0.021747511599999998
25,Chad,Sub-Saharan Africa,13.587,13140.028461,149,3.667,0.0383,0.34193,0.76062,0.1501,0.23501,0.05269,0.18386,1.9429599999999998,-0.00016999999999978144,0.8534550909999999,0.8534550909999999,0.8534550909999999,0.0,0.0,0.46039500670000005,0.2509092458,0.20948576078,6.014684592999999,6.169540335,6.014684592999999,0.15485574259,0.911875312,0.19257906039999997,0.1843514474,0.0082276129134,4.8732083909999995,3.445740605,3.436566807,0.009173797681,14.421927539999999,11.14233147,11.41729175,-0.274960285661,27.07515093,22.26404157,22.157258940000002,0.10678262839999998
26,Chile,Latin America and Caribbean,17.763,261151.626,27,6.67,0.057999999999999996,1.10715,1.12447,0.85857,0.44132,0.12869,0.33363000000000004,2.67585,0.00031999999999854367,1.9238922230000002,1.9238922230000002,1.9238922230000002,0.0,0.0,31.535181469999998,27.90909821,3.6260832599999997,5.8035113670000005,9.068237873,5.8035113670000005,3.2647265059999997,6.7038505420000005,3.961172162,6.796270388999999,-2.835098227,39.29302791,17.65637683,36.31637885,-18.66000202,7.898435833,7.374474806,4.400157695,2.97431711,61.62271788,71.51933537000001,83.14930873,-11.629973370000002
27,China,Eastern Asia,1400.602,8555213.16048,84,5.14,0.02424,0.89012,0.94675,0.81658,0.5169699999999999,0.02781,0.08185,1.8604,-0.00048000000000048004,171.5441775,171.5441775,171.5441775,0.0,0.0,3613.649156,3661.936202,-48.287046199999985,672.6263231,814.872818,672.6263231,142.24649486,61.33542853,118.77997570000001,110.96808209999999,7.811893569999997,314.5747691,282.2559114,182.4545155,99.80139584999999,145.9143888,195.07552869999998,145.9143888,49.161139935,1365.995087,5196.177567,4945.443689,250.73387810000003
28,Colombia,Latin America and Caribbean,47.791,348477.15679,33,6.477,0.05051,0.91861,1.2401799999999998,0.69077,0.53466,0.0512,0.18400999999999998,2.85737,0.00020000000000042206,4.825399351,4.825399351,4.825399351,0.0,0.0,34.19594505,26.57192937,7.624015691,12.6429135,18.061500679999998,12.6429135,5.418587173999999,3.291551081,1.9486541019999999,1.2667611380000001,0.6818929641,98.93314918,7.790418872,6.022998847999999,1.7674200228999997,57.517945479999995,24.621137559999998,26.475885329999997,-1.8547477650000002,177.2109586,91.44305562000001,77.80588753,13.63716808
29,Congo,Sub-Saharan Africa,4.505,13167.97985,139,3.989,0.06682,0.67866,0.6629,0.31051,0.41466000000000003,0.11685999999999999,0.12387999999999999,1.68135,0.00017999999999940286,0.1593358898,0.1593358898,0.1593358898,0.0,0.0,1.7295046909999998,0.9622986901,0.7672060004999999,0.6566859641,1.187264813,0.6566859641,0.53057884912,1.546062195,0.5196270262,0.2246800259,0.294947000238,31.481785730000002,1.40394281,2.044482391,-0.6405395811600001,13.40286661,0.4736479221,0.2091469918,0.2645009303,47.24673639,5.473323152000001,4.256629953,1.2166932
30,Congo DR,Sub-Saharan Africa,74.877,28362.733707,120,4.5169999999999995,0.0368,0.0,1.0012,0.09806000000000001,0.22605,0.07625,0.24834,2.86712,-2.0000000001019203e-05,3.8404005260000003,3.8404005260000003,3.8404005260000003,0.0,0.0,5.939401565000001,1.6511340180000003,4.28826754695,9.08110802,10.370395039999998,9.08110802,1.2892870171,3.0596819910000006,1.1786925490000002,0.3678739992,0.810818550287,163.675795,34.408727979999995,34.51046269,-0.10173471674000001,21.207987210000002,0.9229308843,0.7048138427,0.21811704152274,200.86497269999998,56.66054854,50.155793100000004,6.504755439600001
31,Costa Rica,Latin America and Caribbean,4.758,43190.36436,12,7.226,0.044539999999999996,0.95578,1.2378799999999999,0.8602700000000001,0.63376,0.10583,0.25497,3.17728,0.00022999999999928633,0.4939964079,0.4939964079,0.4939964079,0.0,0.0,5.040414578,2.681037236,2.3593773409999996,1.9525025790000001,1.647501794,1.9525025790000001,-0.30500078500000016,0.5756502641,0.408741091,0.2090252435,0.19971584750000002,3.0716905710000004,3.300016892,2.1734277239999997,1.1265891679,1.4460474630000002,1.053893919,1.4460474630000002,-0.39215354380000006,7.539887285,11.94456468,8.956036654,2.988528028000001
32,Croatia,Central and Eastern Europe,4.256,57531.7568,62,5.7589999999999995,0.04394,1.08254,0.79624,0.78805,0.25883,0.0243,0.054439999999999995,2.75414,0.00045999999999946084,0.2848186333,0.2848186333,0.2848186333,0.0,0.0,8.281253597,5.90595595,2.375297647,3.009135727,3.4557882319999997,3.009135727,0.44665250399999973,1.4460345790000002,0.31622915980000005,0.18726421840000002,0.12896494129999997,6.617933974,2.36919777,3.000530107,-0.631332337,1.3829374719999998,0.7501324914,0.1480085582,0.60212393323,12.74086039,15.457419880000002,12.53571319,2.9217066900000006
33,Czech Republic,Central and Eastern Europe,10.543,214483.6291,31,6.505,0.04168,1.17898,1.20643,0.84483,0.46363999999999994,0.02652,0.10686,2.67782,-7.999999999963592e-05,1.6068584380000002,1.6068584380000002,1.6068584380000002,0.0,0.0,36.389661909999994,35.68605515,0.7036067599999979,11.714545619999999,9.200650456,11.714545619999999,-2.513895166000001,0.02125437544,0.36664245549999996,0.01623735914,0.3504050963,13.89408145,8.282648311,10.264984810000001,-1.9823365020000003,0.7394368114000001,3.192651522,0.7394368114000001,2.4532147108999998,27.9761767,59.03911309,60.0281182,-0.9890051099999994
34,Ivory Coast,Sub-Saharan Africa,22.157,30685.45087,151,3.655,0.051410000000000004,0.46534,0.77115,0.15185,0.46866,0.17922000000000002,0.20165,1.41723,-0.00010000000000021103,1.9539993219999998,1.9539993219999998,1.9539993219999998,0.0,0.0,6.008192277000001,3.366827316,2.641364961,19.925168059999997,12.067007460000001,19.925168059999997,-7.858160596000001,0.8318724979,2.735365595,0.3537104301,2.3816551647999997,9.37702907,5.2516520810000005,5.3513190360000005,-0.09966695480000001,11.65805707,0.8709599756999999,0.4712176319,0.399742343813,43.746126020000005,28.887176710000002,31.422241800000002,-2.5350650820000005
35,Denmark,Western Europe,5.647,335645.8213,3,7.527,0.033280000000000004,1.32548,1.36058,0.87464,0.6493800000000001,0.48357,0.34139,2.4920400000000003,-7.999999999963592e-05,1.2088657390000002,1.2088657390000002,1.2088657390000002,0.0,0.0,19.06505538,12.20931689,6.85573849,11.641367480000001,7.078179727999999,11.641367480000001,-4.563187758,10.184175230000001,4.0949461739999995,2.763698189,1.3312479820000007,1.9118679640000003,6.031036692000001,2.278873835,3.7521628570000005,0.043347976739999995,2.768010475,0.043347976739999995,2.7246624984,24.98962439,40.24609419,30.145470109999998,10.100624079999998
36,Djibouti,Sub-Saharan Africa,0.876,1321.26204,126,4.369,0.08096,0.44025,0.59207,0.36291,0.46074,0.28105,0.18093,2.05125,-0.00019999999999953388,0.1782719083,0.1782719083,0.1782719083,0.0,0.0,0.370258931,0.2483875449,0.12187138615000001,0.015475461590000001,1.508950206,0.015475461590000001,1.4934747438599998,0.2618747409,0.03022689637,0.02576010107,0.00446679530523,0.0019268803539999998,0.2572274179,0.1456667104,0.11156070748099998,0.2021137516,0.2286873077,0.2021137516,0.026573556139999992,0.6596627426999999,2.573622667,0.8156754778,1.7579471895999998
37,Dominican Republic,Latin America and Caribbean,10.406,64452.26656,98,4.885,0.07446,0.8953700000000001,1.17202,0.66825,0.57672,0.14234000000000002,0.21684,1.21305,0.00041000000000046555,0.5494844697,0.5494844697,0.5494844697,0.0,0.0,9.40267366,7.4913125879999996,1.9113610719999996,2.598168221,3.909996264,2.598168221,1.3118280433,0.25195838579999996,0.3479738026,0.11121201110000001,0.23676179154000002,1.647915,1.13628261,0.38156077130000005,0.75472183911,1.151753743,1.188654644,1.151753743,0.03690090155,6.199279819,16.535065449999998,12.2834918,4.251573647
38,Ecuador,Latin America and Caribbean,15.903,86332.77513,48,5.975,0.04528,0.8640200000000001,0.99903,0.79075,0.48573999999999995,0.1809,0.11540999999999998,2.5394200000000002,-0.00027000000000043656,1.175965763,1.175965763,1.175965763,0.0,0.0,18.431840329999996,14.09463056,4.33720977,5.786783186000001,4.9505627080000005,5.786783186000001,-0.8362204779999997,1.6776592519999998,1.14282207,11.226735119999999,-10.083913050000001,21.34329676,3.79568122,3.6447296560000004,0.15095156429999998,2.956521731,2.993374315,2.956521731,0.03685258455099999,32.94022669,32.49024641,38.88536601,-6.3951195999999975
39,El Salvador,Latin America and Caribbean,6.108,22405.3656,42,6.13,0.056179999999999994,0.76454,1.0250700000000001,0.67737,0.4035,0.11775999999999999,0.10692,3.035,-0.0001600000000010482,0.2681709314,0.2681709314,0.2681709314,0.0,0.0,4.598380811000001,2.165476577,2.4329042339999996,1.5761137769999998,2.461834688,1.5761137769999998,0.8857209113999999,0.7076316479999999,1.1045641780000002,1.3972805430000002,-0.29271636510000004,0.2604043497,2.51257992,2.095871205,0.41670871482999994,0.9373056615,1.256416331,0.8109028089,0.44551352209000006,3.7496263670000003,12.20194686,8.313815842,3.888131016
40,Estonia,Central and Eastern Europe,1.316,22968.674400000004,73,5.428999999999999,0.04013,1.15174,1.22791,0.77361,0.44888,0.15184,0.0868,1.58782,0.00039999999999906777,0.0963637159,0.0963637159,0.0963637159,0.0,0.0,4.216298363,6.535713443,-2.319415079,1.616084347,0.8484741927999999,1.616084347,-0.7676101536999999,5.693952444,0.09484988656,0.2572428774,-0.16239299089999998,5.285583068,3.745790367,5.745654586000001,-1.9998642189999996,0.11292122710000001,0.1659166078,0.11292122710000001,0.052995380699999976,12.804904800000001,9.167693133,14.363980199999999,-5.196287067000001
41,Ethiopia,Sub-Saharan Africa,96.959,43900.902102,122,4.512,0.0378,0.19072999999999998,0.60406,0.44055,0.4345,0.15048,0.24325,2.44876,-0.00033000000000082963,6.943518419,6.943518419,6.943518419,0.0,0.0,10.34007078,4.117785727,6.2222850545,34.5592252,33.86368943,34.5592252,-0.6955357650000001,3.835023994,0.203442939,0.1983287046,0.005114234495,4.28675825,43.63384285,43.11196748,0.521875374497,11.15871721,10.58285775,11.15871721,-0.57585946268,60.78324307,105.56742220000001,100.08954270000001,5.477879435
42,Finland,Western Europe,5.48,247911.912,6,7.406000000000001,0.0314,1.29025,1.31826,0.8891100000000001,0.64169,0.41372,0.23351,2.61955,-8.999999999836916e-05,0.8504325912999999,0.8504325912999999,0.8504325912999999,0.0,0.0,21.99898915,16.23178632,5.767202820000002,4.809285482,5.51676841,4.809285482,0.707482929,12.63858902,1.3752247739999999,0.9461783565,0.42904641749999994,51.9342982,2.7081443739999997,37.81250809,-35.104363719,0.2594299578,0.9441505562,0.2594299578,0.6847205984499999,70.49203525,33.39370985,60.9096208,-27.515910939999998
43,France,Western Europe,64.159,2658171.529,29,6.575,0.03512,1.27778,1.2603799999999998,0.9457899999999999,0.55011,0.20646,0.12332,2.21126,-9.999999999887876e-05,10.536333449999999,10.536333449999999,10.536333449999999,0.0,0.0,166.4481396,104.52238659999999,61.925753,85.46463651,60.92980781,85.46463651,-24.534828690000005,7.221237393999999,13.202067269999999,8.024304629,5.177762637000001,61.44321753,33.49826109,28.610052579999998,4.888208509999998,10.216640199999999,16.809851809999998,10.216640199999999,6.593211614,174.8820651,301.424461,247.374354,54.050107
44,Gabon,Sub-Saharan Africa,1.688,16049.7572,143,3.8960000000000004,0.04547,1.06024,0.90528,0.43372,0.31914000000000003,0.11091,0.06822,0.99895,-0.00045999999999990493,0.05795495616,0.05795495616,0.05795495616,0.0,0.0,1.5629852619999998,1.1693756229999999,0.39360963949999994,0.43613178230000005,0.9025596657,0.43613178230000005,0.46642788339999997,4.830203211,0.3586741726,0.17813772199999997,0.18053645059600001,32.11650938,1.522421395,1.967456063,-0.44503466843,5.925174717,0.1777657684,0.04588499428,0.13188077410000001,43.36597404,4.58236122,3.8549411410000003,0.7274200793
45,Georgia,Central and Eastern Europe,4.035,15541.6902,130,4.297,0.042210000000000004,0.7419,0.38561999999999996,0.72926,0.40576999999999996,0.38331,0.055470000000000005,1.59541,0.00025999999999992696,0.1238594612,0.1238594612,0.1238594612,0.0,0.0,4.41251033,3.0891006069999998,1.3234097222999996,0.5348035608,1.42807024,0.5348035608,0.8932666799,0.1980214011,0.051467460480000005,0.021173508980000002,0.030293951500000024,2.616284624,0.5961613421999999,0.25834389550000003,0.33781744658999996,1.591938885,1.043454593,1.103693587,-0.06023899342,5.064907932,7.655523427,5.13097462,2.524548807000001
46,Germany,Western Europe,80.646,3630892.5996,26,6.75,0.01848,1.32792,1.2993700000000001,0.89186,0.6147699999999999,0.21843,0.28214,2.1156900000000003,-0.00018000000000029104,12.63739694,12.63739694,12.63739694,0.0,0.0,261.4189529,259.1391195,2.279833299999982,64.99184674,73.7775678,64.99184674,8.785721059999995,6.05467287,4.189239311000001,1.9567055800000002,2.2325337299999997,55.542343009999996,41.25265991,34.85903132,6.393628579999998,5.171644123,13.782764539999999,5.171644123,8.611120421999999,144.3979037,407.0585814,378.7557442,28.302837099999966
47,Ghana,Sub-Saharan Africa,26.787,44460.52686,114,4.633,0.04742,0.5455800000000001,0.6795399999999999,0.40131999999999995,0.42341999999999996,0.04355,0.23087,2.30919,-0.00046999999999997044,2.168978597,2.168978597,2.168978597,0.0,0.0,10.319895769999999,4.914118343,5.4057774300000005,18.86265592,15.31719949,18.86265592,-3.545456426,1.539143009,4.832824263999999,2.9594068819999997,1.8734173828999998,7.342870787000001,17.7700918,17.972691920000003,-0.2026001154,6.533657477000001,1.9661057530000001,1.4653549399999999,0.500750813058,36.44730579,52.37509568,48.3432066,4.031889078999999
48,Greece,Western Europe,11.001,248245.2657,102,4.857,0.05062,1.15406,0.9293299999999999,0.88213,0.07699,0.013969999999999998,0.0,1.8010099999999998,-0.0004900000000001015,0.6277952312,0.6277952312,0.6277952312,0.0,0.0,27.279112859999998,23.96093286,3.31818001,10.95332554,11.602577179999999,10.95332554,0.6492516329999994,1.92751418,1.0769779240000001,0.4145114281,0.6624664961000001,2.551057634,3.04229219,0.6689965685,2.3732956212,1.585353759,3.604376415,1.585353759,2.0190226563,17.64504635,47.233131799999995,38.210915390000004,9.02221641
49,Guatemala,Latin America and Caribbean,16.015,48171.5185,43,6.122999999999999,0.052239999999999995,0.74553,1.04356,0.64425,0.57733,0.09472,0.27489,2.74255,0.00016999999999889326,1.4182284740000002,1.4182284740000002,1.4182284740000002,0.0,0.0,9.085097469,5.94584871,3.139248759,7.219440621,6.657893336,7.219440621,-0.5615472849999997,0.7112542309,0.6084377744,0.5417925870000001,0.06664518729999999,5.037784392,9.167815891,7.960431547000001,1.2073843443,2.404533346,2.524411847,2.404533346,0.1198785005,16.791241059999997,29.46188479,25.49027529,3.971609507000001
50,Guinea,Sub-Saharan Africa,12.276,8592.758064,150,3.656,0.0359,0.17417,0.46475,0.24009,0.37725,0.12139000000000001,0.28657,1.9917200000000002,5.999999999994898e-05,0.5294036424999999,0.5294036424999999,0.5294036424999999,0.0,0.0,2.047755308,0.8422481217,1.2055071868,4.4369858849999995,4.980723369,4.4369858849999995,0.5437374846999999,3.5240382379999997,0.5330719348,0.5527111961,-0.01963926128,7.212128421,5.151225173,5.140196162,0.0110290109,8.699457339,4.710231176,4.669010083000001,0.04122109313000001,24.40201353,17.9524106,16.17055509,1.7818555136999998
51,Haiti,Latin America and Caribbean,10.572,7704.66216,119,4.518,0.07331,0.26673,0.74302,0.38847,0.24425,0.17175,0.46187,2.24173,0.00017999999999940286,0.3784070994,0.3784070994,0.3784070994,0.0,0.0,1.4458979730000003,1.064923582,0.38097439091999996,2.503661437,3.7096574889999996,2.503661437,1.2059960520800002,0.1233820525,0.1798093316,0.027026206360000003,0.152783125299,0.08287911563,1.017441716,0.9683474303999999,0.049094285857196,0.3328932379,0.38500502519999996,0.3328932379,0.05211178728836,3.421222943,7.116218634,5.275258993,1.8409596415000002
52,Hungary,Central and Eastern Europe,9.89,139637.899,104,4.8,0.061070000000000006,1.12094,1.20215,0.75905,0.32111999999999996,0.02758,0.128,1.24074,0.00042000000000008697,1.7780327900000001,1.7780327900000001,1.7780327900000001,0.0,0.0,20.32277071,14.913802550000002,5.408968160000001,17.25013602,9.013098149000001,17.25013602,-8.237037876,0.04720214782,0.20557759699999997,0.018969133200000002,0.18660846377999998,6.868102039,3.688468078,3.23600715,0.4524609289999995,0.5864931905999999,0.6313757455,0.2477789691,0.3835967764,26.52996619,35.63932307,37.44472661,-1.805403539999999
53,India,Southern Asia,1295.292,2133060.95976,117,4.565,0.02043,0.64499,0.38174,0.5152899999999999,0.39786,0.08492000000000001,0.26475,2.27513,0.0003200000000012082,64.74572669,64.74572669,64.74572669,0.0,0.0,754.3726699,700.1715717999999,54.20109805,452.1545616,433.2663625,452.1545616,-18.888199069999995,36.77612896,21.305128460000002,26.84300874,-5.5378802743,27.80755564,166.9029329,153.1080121,13.794920783,4.211882217,10.23919735,4.211882217,6.027315134899999,585.6958551,1450.832018,1401.234763,49.59725459999999
54,Indonesia,Southeastern Asia,254.455,939687.0477,74,5.399,0.025960000000000004,0.8282700000000001,1.0870799999999998,0.63793,0.46611,0.0,0.51535,1.86399,0.0002699999999995484,15.908843050000002,15.908843050000002,15.908843050000002,0.0,0.0,155.8443111,150.9392902,4.905020879999995,125.82950720000001,118.2274625,125.82950720000001,-7.602044649999998,95.27739567,58.14230834000001,69.63736709999999,-11.495058756999999,72.33097685,53.4489064,71.75173103,-18.302824625,14.07707142,7.61209185,4.457749656000001,3.15434219445,323.4237942,409.1839232,438.5244882,-29.340564909999998
55,Iran,Middle East and Northern Africa,78.144,481452.9984,110,4.686,0.044489999999999995,1.0088,0.54447,0.69805,0.30033000000000004,0.058629999999999995,0.38086,1.6944,0.000460000000000349,5.581398963,5.581398963,5.581398963,0.0,0.0,193.9579094,207.4536306,-13.495721189999998,28.21004808,44.17918543,28.21004808,15.969137358000001,14.964504199999999,10.68058632,11.39326698,-0.7126806643,4.788570629,4.564500377,0.5363412855,4.02815909173,5.463589591,7.040968539,5.463589591,1.5773789482000002,59.00811146,266.0045491,258.6382755,7.366273539999999
56,Iraq,Middle East and Northern Africa,35.273,183540.93912,112,4.677,0.052320000000000005,0.98549,0.81889,0.60237,0.0,0.13788,0.17922000000000002,1.95335,-0.00020000000000042206,1.7855379919999999,1.7855379919999999,1.7855379919999999,0.0,0.0,51.95264661,50.48048393,1.472162675999999,8.240920552999999,16.925119149999997,8.240920552999999,8.68419860024,0.07228076533,0.4146620006,0.08130208099,0.3333599196276,1.550444495,0.6735708027,0.08709395187,0.5864768507892,0.6232517587,1.147315498,0.6232517587,0.524063739373,12.27243557,72.89885205,61.298590270000005,11.600261780999999
57,Ireland,Western Europe,4.675,254915.1275,18,6.94,0.03676,1.33596,1.36948,0.89533,0.6177699999999999,0.28703,0.45901000000000003,1.9757,-0.0002799999999991698,0.47325805579999997,0.47325805579999997,0.47325805579999997,0.0,0.0,12.08306405,12.10486485,-0.021800789999999105,2.9209020260000003,4.8875238539999994,2.9209020260000003,1.9666218290000004,6.899431089,0.6378811481,1.8662600249999999,-1.2283788767,2.318189116,1.999571938,1.9337195349999998,0.06585240199999977,3.48312847,1.9230462549999998,3.48312847,-1.5600822140000001,16.09490876,22.0043453,22.782132960000002,-0.7777876599999964
58,Israel,Middle East and Northern Africa,7.939,259298.0607,11,7.278,0.0347,1.2285700000000002,1.22393,0.9138700000000001,0.41318999999999995,0.07785,0.33171999999999996,3.08854,0.00032999999999905327,0.46949843589999996,0.46949843589999996,0.46949843589999996,0.0,0.0,25.04073407,22.277214670000003,2.763519404000001,1.229825741,6.408356754,1.229825741,5.178531012500001,0.1237850652,0.6625498983999999,0.01221878091,0.6503311175,0.255067893,2.6598784810000002,0.01845210845,2.6414263726,0.0513813476,1.912260899,0.0513813476,1.860879551496,2.129558483,37.15327854,24.05859109,13.094687461
59,Italy,Western Europe,59.821,2011546.9281,50,5.9479999999999995,0.03914,1.25114,1.19777,0.9544600000000001,0.26236,0.02901,0.22823000000000002,2.0251799999999998,-0.0001500000000005386,2.932054158,2.932054158,2.932054158,0.0,0.0,151.131747,114.7452875,36.38645939,26.66904963,48.725095350000004,26.66904963,22.05604571,3.7201366789999994,7.673808912999999,1.078514387,6.595294526,20.22231357,27.60243055,5.610732615,21.99169794,2.50799687,18.69361303,2.50799687,16.185616156000002,56.051550909999996,256.758749,153.54363519999998,103.21511378
60,Jamaica,Latin America and Caribbean,2.783,13121.45538,65,5.709,0.13693,0.81038,1.1510200000000002,0.6874100000000001,0.50442,0.02299,0.2123,2.32038,9.999999999976694e-05,0.1268250548,0.1268250548,0.1268250548,0.0,0.0,2.6742255750000004,2.578412344,0.09581323100000015,0.4391817095,1.189646851,0.4391817095,0.7504651417200001,0.3178598381,0.2250831948,0.01817026159,0.20691293322999998,0.2843821434,0.5046223297,0.3104834802,0.1941388495397,0.0,0.2150469094,0.0,0.21504690941680002,1.168248746,4.935449915,3.47307285,1.4623770649999999
61,Japan,Eastern Asia,126.795,5891669.1495,46,5.987,0.03581,1.27074,1.25712,0.99111,0.49615,0.1806,0.10705,1.68435,-0.00011999999999989797,7.457805005,7.457805005,7.457805005,0.0,0.0,446.80200160000004,432.61507969999997,14.18692189999999,11.72712718,58.70695773,11.72712718,46.9798305527,12.81550599,42.99875127000001,27.713734780000003,15.285016488,44.05256978,31.88660474,15.064566970000001,16.822037775,0.5993850563,13.69436531,0.003888993921,13.6904763168,76.65239301000001,601.5464857000001,494.5822026,106.96428299999998
62,Jordan,Middle East and Northern Africa,7.416,24834.92328,82,5.192,0.045239999999999995,0.9019799999999999,1.05392,0.69639,0.40660999999999997,0.14293,0.11052999999999999,1.8799599999999999,-0.00031999999999943185,0.5474963133999999,0.5474963133999999,0.5474963133999999,0.0,0.0,8.993162617000001,8.900958358999999,0.09220425799999944,0.6759649983,3.685480983,0.6759649983,3.0095159844999997,0.020487634440000003,0.2347905301,0.0061931924630000005,0.22859733757900003,0.1832343495,1.3388258700000002,0.131258689,1.2075671819000002,0.12459224640000001,1.0414249009999998,0.12459224640000001,0.9168326543,1.551775542,15.84118121,10.386463800000001,5.454717413000001
63,Kazakhstan,Central and Eastern Europe,17.372,184933.626,54,5.855,0.041139999999999996,1.1225399999999999,1.1224100000000001,0.64368,0.51649,0.08454,0.11827,2.24729,-0.0002199999999996649,0.6882883586,0.6882883586,0.6882883586,0.0,0.0,78.26146183,82.62643709999999,-4.3649752699999995,22.66572996,16.45624076,22.66572996,-6.209489195000001,0.9266565165999999,0.45087275,0.24072124379999998,0.2101515062,3.895524917,1.911041393,0.1626707127,1.7483706798399998,31.7012761,3.219182083,2.253899156,0.9652829267,59.87747585,100.9870872,108.6377465,-7.650659349999998
64,Kenya,Sub-Saharan Africa,44.864,48257.51296000001,125,4.419,0.04734,0.36471,0.99876,0.41435,0.42215,0.05839,0.37542,1.78555,-0.00033000000000082963,1.9408350380000001,1.9408350380000001,1.9408350380000001,0.0,0.0,9.336126879,5.010652739,4.325474139700001,10.127515279999999,11.46554609,10.127515279999999,1.3380308079999996,0.8086076674,1.9587081709999998,1.947539594,0.011168576899999985,0.7397615349,11.6934747,10.878625060000001,0.81484964145,10.286755509999999,10.22364949,10.286755509999999,-0.06310601359,23.903475030000003,46.61834037,40.19192322,6.426417152000001
65,South Korea,Eastern Asia,50.074,1217979.9464,47,5.984,0.04098,1.24461,0.9577399999999999,0.9653799999999999,0.33208000000000004,0.07857,0.18557,2.21978,0.00027000000000043656,3.0824005530000003,3.0824005530000003,3.0824005530000003,0.0,0.0,211.25306659999998,209.6519959,1.6010705999999941,6.880830761,35.69781468,6.880830761,28.816983920000002,19.80696299,23.97396326,20.17175736,3.8022059010000007,4.535234268,10.861375789999999,3.3510105310000005,7.510365257999999,0.04442884131,6.349856755,0.04442884131,6.3054279134149995,34.34985741,291.2184776,243.1824239,48.03605369999999
66,Kuwait,Middle East and Northern Africa,3.753,136081.5282,39,6.295,0.04456,1.5542200000000002,1.16594,0.72492,0.55499,0.25609,0.16228,1.8763400000000001,0.0002199999999996649,0.9125825402000001,0.9125825402000001,0.9125825402000001,0.0,0.0,23.25513629,29.24687611,-5.991739815000001,0.1302314226,2.340387887,0.1302314226,2.2101564648,1.215686244,0.2854617973,0.01373553192,0.27172626532079996,0.01174579163,0.7469407981,0.0074000643250000005,0.7395407338,0.02289785608,1.1676791640000002,0.02289785608,1.144781308,2.293143855,28.70818848,30.33372352,-1.625535039999999
67,Kyrgyzstan,Central and Eastern Europe,5.844,5864.51244,77,5.2860000000000005,0.03823,0.47428000000000003,1.15115,0.65088,0.43477,0.042319999999999997,0.3003,2.2327,-0.00039999999999995595,0.3654025682,0.3654025682,0.3654025682,0.0,0.0,5.147180645,3.3336341010000003,1.8135465436000002,2.0003101059999997,2.678561704,2.0003101059999997,0.6782515977999999,0.2996319322,0.09355481859999999,0.001782971512,0.09177184708727001,0.3310728986,0.6491914895,0.02066205597,0.628529433494,3.4652967630000004,1.310391773,1.2617300249999999,0.048661747300000016,6.461714267999999,10.244283,6.983521829,3.2607611692000003
68,Laos,Southeastern Asia,6.689,9836.1745,99,4.876,0.06698,0.5906600000000001,0.73803,0.54909,0.59591,0.24249,0.42191999999999996,1.7379900000000001,-9.000000000014552e-05,0.9767961197,0.9767961197,0.9767961197,0.0,0.0,1.020460208,0.6720333066999999,0.34842690109999996,4.987303666,5.147425505,4.987303666,0.1601218391,0.2206149948,0.13447330119999998,0.08534121758,0.04913208364,5.232241404,3.8373548989999997,5.049050434,-1.21169553529,0.8334146148,0.817214556,0.06173617412,0.7554783819,12.2503708,11.93372459,11.83226092,0.10146367100000009
69,Latvia,Central and Eastern Europe,1.989,27421.1496,89,5.098,0.0464,1.11312,1.09562,0.72437,0.29671,0.06332,0.18225999999999998,1.62215,0.0004499999999998394,0.1114405755,0.1114405755,0.1114405755,0.0,0.0,3.5861736260000003,2.508371617,1.0778020079999995,2.831256003,1.953291155,2.831256003,-0.8779648490000002,4.007722568,0.4130659031,0.4745179559,-0.0614520527,8.336511582,4.817031094,8.694707309,-3.8776762149999997,0.6433902614,0.31067357539999996,0.3640622058,-0.0533886305,15.93032099,11.191675929999999,14.98435567,-3.792679738
70,Lebanon,Middle East and Northern Africa,5.612,41794.58432,103,4.8389999999999995,0.04337,1.0256399999999999,0.80001,0.83947,0.33916,0.04582,0.21854,1.57059,-0.0002300000000001745,0.3649745663,0.3649745663,0.3649745663,0.0,0.0,12.07746713,8.485586394,3.591880734,0.8755724554,3.349476285,0.8755724554,2.4739038289,0.034168049619999995,0.2801524639,0.024862199550000002,0.255290264349,0.2578812044,1.263905354,0.012260272809999999,1.2516450804900001,0.210605926,1.486394063,0.210605926,1.2757881371,1.7432022019999998,18.82236986,9.973861814,8.848508048000001
71,Lesotho,Sub-Saharan Africa,2.109,2790.71316,97,4.898,0.09437999999999999,0.37545,1.04103,0.07612000000000001,0.31767,0.12504,0.16388,2.79832,0.0004899999999992133,0.02102856249,0.02102856249,0.02102856249,0.0,0.0,1.0842148429999998,0.8485523741000001,0.23566246857,0.1047313305,0.4147153185,0.1047313305,0.30998398803,0.0,0.02244217828,7.582077353e-05,0.022366357508,0.005423582209,0.8451862767,0.8163174335000001,0.0288688431651,1.527114499,0.696930553,0.8815848158,-0.18465426287000003,1.6582979740000001,3.0845177319999997,2.6722903369999997,0.4122273944
72,Liberia,Sub-Saharan Africa,4.397,1655.861833,116,4.571000000000001,0.11068,0.0712,0.78968,0.34201,0.28531,0.06232000000000001,0.24361999999999998,2.7772900000000003,-0.0004299999999997084,0.1500468062,0.1500468062,0.1500468062,0.0,0.0,0.38924592469999997,0.3215168728,0.06772905200000003,0.6707629662,1.0120524579999999,0.6707629662,0.34128949203,1.356919711,0.2025094609,0.0935569024,0.10895255845900001,5.928876665,3.371015014,3.454350027,-0.08333501327,2.5860517290000002,0.12983242849999999,0.08767563522999999,0.0421567932507,10.69265788,5.2547020920000005,4.77790921,0.4767928827000001
73,Lithuania,Central and Eastern Europe,2.917,43558.3942,56,5.832999999999999,0.03843,1.14723,1.25745,0.73128,0.21341999999999997,0.01031,0.026410000000000003,2.4464900000000003,0.00040999999999957737,0.2891728499,0.2891728499,0.2891728499,0.0,0.0,6.896784489,4.323035511,2.5737489780000002,6.7859805479999995,3.831426151,6.7859805479999995,-2.9545543980000004,0.9054460081,1.0858951499999998,0.7468992073,0.33899594279999984,6.272011717,4.104955897,4.45172493,-0.34676903299999984,0.3250743136,0.7000869797,0.3250743136,0.37501266600000005,14.57768544,16.90832152,16.92188736,-0.013565839999999852
74,Luxembourg,Western Europe,0.557,59684.221,17,6.946000000000001,0.03499,1.5639100000000001,1.21963,0.91894,0.61583,0.37798000000000004,0.28034000000000003,1.9696099999999999,-0.00023999999999890775,0.05641493984,0.05641493984,0.05641493984,0.0,0.0,5.258343587000001,3.369263514,1.8890800730000008,0.207442187,0.6052750553,0.207442187,0.39783286819999997,0.0003820316327,0.0818212433,0.0,0.0818212433,0.4606891422,0.43724105100000005,0.2280288958,0.20921215529999998,0.04081140417,0.3983155329,0.04081140417,0.35750412866,0.7657397048,6.8374114100000005,3.901960941,2.9354504689999996
75,Macedonia,Central and Eastern Europe,2.076,10214.37672,93,5.007,0.05376,0.91851,1.00232,0.73545,0.33457,0.053270000000000005,0.22359,1.7393299999999998,-4.000000000026205e-05,0.059851619460000005,0.059851619460000005,0.059851619460000005,0.0,0.0,3.763286242,2.8168553430000003,0.946430899,0.989965957,1.4288101899999999,0.989965957,0.43884423319999993,0.034469530250000005,0.06825146111000001,0.0028927297429999998,0.065358731366,1.925064804,0.6073397998000001,0.2908667362,0.31647306369,0.35066883140000005,0.46857052260000004,0.35066883140000005,0.11790169120000002,3.360020742,6.396109835,4.511101217,1.8850086179999999
76,Madagascar,Sub-Saharan Africa,23.572,9632.957092,147,3.681,0.03633,0.20824,0.66801,0.46721,0.19184,0.08123999999999999,0.21333000000000002,1.851,0.00013000000000040757,1.312039361,1.312039361,1.312039361,0.0,0.0,1.791884775,1.057853554,0.7340312211,5.650535861000001,5.900253224999999,5.650535861000001,0.2497173639,4.783171381,0.5311915378000001,0.4835364813,0.04765505650000001,17.5922406,5.410615472999999,5.348566166,0.062049307139999996,29.24800136,8.073845807,8.12478056,-0.05093475279,58.585988560000004,23.01983018,21.97731198,1.042518196
77,Malawi,Sub-Saharan Africa,16.695,8086.540455,131,4.292,0.0613,0.016040000000000002,0.41134,0.22562,0.43054,0.06977,0.33128,2.8079099999999997,-0.0004999999999997229,0.940544722,0.940544722,0.940544722,0.0,0.0,1.267313256,0.4387759676,0.8285372886999999,7.668192937000001,7.353335386,7.668192937000001,-0.3148575509,0.8898138125,0.2170734976,0.197616887,0.019456610678379997,0.3566622883,3.1084612060000003,3.13244546,-0.02398425409,1.20219652,0.8735852772,0.8684744638,0.005110813447999998,11.05741028,13.760313349999999,13.24605044,0.5142629070000001
78,Malaysia,Southeastern Asia,29.902,310926.9764,61,5.77,0.0433,1.12486,1.07023,0.7239399999999999,0.5302399999999999,0.10500999999999999,0.33075,1.8854099999999998,-0.000440000000000218,2.250574187,2.250574187,2.250574187,0.0,0.0,83.87344381,87.43732156,-3.56387775,22.72341007,19.24694937,22.72341007,-3.476460709999999,24.78559422,12.37829219,10.73511183,1.6431803660000004,21.246118969999998,10.48070867,13.58740995,-3.1067012799999993,0.4078680615,4.014440461,0.07349004859,3.9409504126,71.4135655,132.2444087,136.8073176,-4.562908950000003
79,Mali,Sub-Saharan Africa,17.086,12059.093768,138,3.995,0.05602000000000001,0.26074,1.03526,0.20583,0.38856999999999997,0.12352,0.18798,1.79293,0.00016999999999978144,1.23391871,1.23391871,1.23391871,0.0,0.0,2.727570796,1.066750731,1.6608200651999998,9.585815786,9.081571826,9.585815786,-0.5042439599000001,0.7353833161000001,0.5828813845,0.3456875432,0.237193841337,3.60628125,2.711005628,2.6842320600000003,0.026773567609999997,10.648752539999998,9.942846541000002,10.648752539999998,-0.70590599532,25.8101516,26.27979489,25.56515737,0.7146375190000003
80,Malta,Western Europe,0.418,10065.5236,37,6.3020000000000005,0.04206,1.2074,1.30203,0.88721,0.60365,0.13585999999999998,0.51752,1.6488,-0.00046999999999908226,0.02121932841,0.02121932841,0.02121932841,0.0,0.0,1.23091496,0.8258715336,0.4050434260000002,0.03930799481,0.335609156,0.03930799481,0.296301161091,0.19835304339999998,0.2215626675,0.041363135089999996,0.18019953238,0.00031285276960000007,0.08840951017000001,0.0,0.08840951016979999,0.0,0.1443416938,0.0,0.1443416938522,0.2591932193,2.042057315,0.9277619919,1.1142953231
81,Mauritania,Sub-Saharan Africa,3.97,5264.8552,124,4.436,0.03947,0.45407,0.86908,0.35874,0.24231999999999998,0.17461,0.21899999999999997,2.11773,0.0004500000000007276,0.1954819055,0.1954819055,0.1954819055,0.0,0.0,1.2810726540000001,0.9317685059,0.3493041475000001,0.4734909229,1.588351228,0.4734909229,1.114860305107,5.2720482319999995,0.03418259766,0.816644728,-0.7824621303099999,0.17151275030000002,0.8099062139,0.7733163324,0.0365898814427,11.15890182,5.234002240000001,5.862250827,-0.6282485870300001,17.27143563,9.14299684,9.052953222000001,0.09004361800000026
82,Mexico,Latin America and Caribbean,125.386,1190288.04414,14,7.187,0.041760000000000005,1.02054,0.91451,0.8144399999999999,0.48181,0.21311999999999998,0.14074,3.6021400000000003,-0.000300000000000189,5.748670944000001,5.748670944000001,5.748670944000001,0.0,0.0,178.6876139,159.3511816,19.336432310000003,42.80063854,63.211208909999996,42.80063854,20.410570368999995,16.88928832,9.751817145,9.146069464,0.6057476810000001,55.8925303,31.38351768,18.72132471,12.6621929703,29.38155063,30.77321689,29.38155063,1.3916662590000006,150.7126787,319.5560455,265.1494359,54.40660961999999
83,Moldova,Central and Eastern Europe,4.072,8090.81968,52,5.888999999999999,0.037989999999999996,0.59448,1.01528,0.61826,0.32818,0.01615,0.20951,3.10712,1.9999999999242846e-05,0.2240753502,0.2240753502,0.2240753502,0.0,0.0,3.4841738419999997,2.6466259229999998,0.8375479195999999,3.869156566,2.710715055,3.869156566,-1.1584415111,0.03603378249,0.2281540335,0.00015810869399999998,0.22799592480973802,0.3492744916,0.9208608638000001,0.5526752456999999,0.36818561811000006,0.24586395740000003,0.2809881078,0.24586395740000003,0.03512415042999998,4.724404148,7.8489672520000004,7.538555151000001,0.3104121009999998
84,Mongolia,Eastern Asia,2.91,11354.4417,100,4.874,0.03313,0.82819,1.3006,0.60268,0.43626000000000004,0.026660000000000003,0.3323,1.34759,-0.000280000000000058,0.19110218399999998,0.19110218399999998,0.19110218399999998,0.0,0.0,12.78781618,12.10882372,0.6789924650000001,0.6213239848,0.8257684991,0.6213239848,0.20444451431,0.3882823909,0.01126882548,7.526429699e-05,0.0111935611838,19.1770057,0.4740356083,0.34523894899999996,0.128796659269,23.1501399,13.353395279999999,13.47034877,-0.11695349294,43.52785416,27.643386579999998,26.73691287,0.906473707
85,Montenegro,Central and Eastern Europe,0.625,4403.2,82,5.192,0.05235,0.9743799999999999,0.9055700000000001,0.72521,0.1826,0.14296,0.1614,2.10017,-0.0002899999999996794,0.012863017890000002,0.012863017890000002,0.012863017890000002,0.0,0.0,1.236118668,0.7570489058,0.4790697621,0.03491611252,0.358707355,0.03491611252,0.32379124242,0.15169311540000002,0.03400924748,0.00619759458,0.027811652892399997,1.620585408,0.32099106099999997,0.4421894022,-0.12119834115999999,0.06708090153999999,0.1737475171,0.06708090153999999,0.10666661549100001,1.887138555,2.136436866,1.3202959340000002,0.8161409319999999
86,Morocco,Middle East and Northern Africa,33.921,105501.43341,92,5.013,0.0342,0.7347899999999999,0.64095,0.60954,0.41691000000000006,0.08546000000000001,0.07172,2.4537299999999997,-9.999999999976694e-05,1.37481978,1.37481978,1.37481978,0.0,0.0,24.058858129999997,20.16777068,3.8910874399999993,13.54306476,20.04215462,13.54306476,6.499089864,2.437919386,3.0298439619999997,4.610291926,-1.5804479636,3.1778440860000003,5.25130656,2.871866938,2.37943962287,5.598189079,5.590277866,5.598189079,-0.00791121259999997,26.13183709,59.347260920000004,48.166003159999995,11.18125776
87,Mozambique,Sub-Saharan Africa,27.216,13424.346431999998,94,4.971,0.07896,0.08308,1.02626,0.09131,0.34037,0.15603,0.22269,3.05137,-0.00010999999999938836,1.3607310680000002,1.3607310680000002,1.3607310680000002,0.0,0.0,5.620914127000001,1.8152729430000003,3.805641184,6.650416097,7.723424609,6.650416097,1.0730085129999998,4.229439267,0.7482627725,0.4141867864,0.33407598611,15.04544648,7.3814998570000006,7.832366472,-0.45086661529999994,24.33635659,0.8348363071,0.7060641735000001,0.128772133535,51.6223895,23.66966874,18.779037539999997,4.890631201000001
88,Myanmar,Southeastern Asia,53.437,67657.65444,129,4.3069999999999995,0.04351,0.27108000000000004,0.70905,0.48246000000000006,0.44017,0.19034,0.79588,1.41805,-3.0000000000640625e-05,6.3613270690000006,6.3613270690000006,6.3613270690000006,0.0,0.0,9.649392249,6.949867307999999,2.6995249401000003,50.41097733,45.97291159,50.41097733,-4.4380657359999995,15.18154369,2.7430086460000003,3.2564730600000003,-0.51346441434,28.340610809999998,17.737657350000003,18.961847940000002,-1.2241905909000002,0.2551152584,0.2927063788,0.2551152584,0.037591120372,100.54957420000001,82.75700329,86.19560797,-3.4386046800000005
89,Nepal,Southern Asia,28.175,19038.833625,121,4.513999999999999,0.03607,0.35996999999999996,0.86449,0.5687399999999999,0.38282,0.059070000000000004,0.32295999999999997,1.9563700000000002,-0.00042000000000097515,3.096086792,3.096086792,3.096086792,0.0,0.0,5.698631276,2.198669792,3.4999614839,10.88928458,12.384491259999999,10.88928458,1.4952066815000002,0.140825905,0.1357336889,0.033024130310000004,0.10270955859184,1.6389561840000002,5.911371178,5.643385159,0.267986019066,1.3284445559999998,1.690634595,1.3284445559999998,0.36219003908999997,17.093598019999998,28.91694879,23.188895010000003,5.7280537829
90,Netherlands,Western Europe,16.868,851786.7696,7,7.377999999999999,0.027989999999999998,1.32944,1.28017,0.89284,0.6157600000000001,0.31814000000000003,0.4761,2.4657,-0.0001500000000005386,1.508055882,1.508055882,1.508055882,0.0,0.0,65.03111156,52.82471662,12.20639489999999,3.836818838,16.81025109,3.836818838,12.97343225,7.191421022999999,1.313474341,1.574990436,-0.2615160949999997,1.316090065,6.70977699,0.7696903394000001,5.940086649999999,0.7253453700999999,8.544474176000001,0.7253453700999999,7.8191288100000005,14.577731179999999,99.91714404000001,61.23961749,38.67752659999999
91,Nicaragua,Latin America and Caribbean,6.014,10903.32186,57,5.827999999999999,0.05371,0.59325,1.14184,0.7431399999999999,0.55475,0.19317,0.27815,2.32407,-0.0003700000000002035,0.2593831024,0.2593831024,0.2593831024,0.0,0.0,2.649783966,1.649915919,0.9998680475999999,2.180263178,1.726176989,2.180263178,-0.45408618850000004,2.95041706,0.18390992800000003,0.6244068006,-0.44049687252999997,4.386439043999999,2.518863477,2.450770602,0.06809287467000001,3.535735288,1.533766409,3.535735288,-2.0019688797,13.31223767,8.871883871,10.70047489,-1.8285910180000002
92,Niger,Sub-Saharan Africa,19.114,7391.880764,144,3.845,0.036019999999999996,0.0694,0.77265,0.29707,0.47691999999999996,0.15639,0.19387000000000001,1.87877,-6.99999999995704e-05,0.7957703115,0.7957703115,0.7957703115,0.0,0.0,1.6943724109999998,0.6882262779999999,1.0061461328,16.72717553,17.26389178,16.72717553,0.5367162541,0.011030749740000002,0.4684813252,0.4381484821,0.03033284311,0.8683961359,4.679710901000001,4.636645811000001,0.0430650905929,8.90545386,8.645808601,8.90545386,-0.25964525935,27.307826579999997,33.54803533,32.19142027,1.3566150617
93,Nigeria,Sub-Saharan Africa,177.476,454886.96084,78,5.268,0.04192,0.65435,0.9043200000000001,0.16007000000000002,0.34334000000000003,0.0403,0.27233,2.89319,9.999999999887876e-05,9.287493024,9.287493024,9.287493024,0.0,0.0,31.91180614,23.01355589,8.898250247,89.86392955,95.82812109000001,89.86392955,5.964191532,3.1599546760000004,10.81469825,3.5326478089999998,7.2820504365600005,2.502586024,33.29392506,32.01574593,1.2781791268,20.1599052,16.80414219,15.98805446,0.816087729376,124.9738685,197.9401857,173.70142669999998,24.238759072000004
94,Norway,Western Europe,5.148,459587.7,4,7.522,0.0388,1.459,1.33095,0.88521,0.66973,0.36503,0.34699,2.4653099999999997,-0.0002199999999996649,0.2842342088,0.2842342088,0.2842342088,0.0,0.0,14.34204832,14.4801591,-0.13811078000000118,1.452656165,4.96945891,1.452656165,3.5168027447,15.359846880000001,5.165067308999999,30.56532251,-25.400255204,17.99337824,4.610356658,7.928893604,-3.3185369449999995,3.064568646,1.685233554,1.682103875,0.003129678899999999,38.15468414,31.05639895,56.39336946,-25.3369705
95,Oman,Middle East and Northern Africa,4.236,72571.5756,22,6.853,0.05335,1.36011,1.08182,0.76276,0.63274,0.32524000000000003,0.21541999999999997,2.4748900000000003,1.9999999999242846e-05,0.7834259167,0.7834259167,0.7834259167,0.0,0.0,20.55275632,23.31655817,-2.7638018540000004,0.2100996915,1.917677656,0.2100996915,1.7075779639999997,5.387891452000001,1.4192016189999999,1.9681443559999998,-0.5489427377,0.003758653322,0.6396737254,0.01691635484,0.622757370605,0.1457655158,1.4411706389999999,0.1457655158,1.2954051234000001,6.530941230000001,26.753905879999998,26.440910010000003,0.3129958699999992
96,Pakistan,Southern Asia,185.044,205620.8928,81,5.194,0.03726,0.59543,0.41411000000000003,0.51466,0.12102,0.10464000000000001,0.33671,3.1070900000000004,0.0003399999999995629,7.865313426,7.865313426,7.865313426,0.0,0.0,62.20452466,49.13204765,13.072477007000002,56.89207716,57.7748881,56.89207716,0.8828109379999991,6.458800008,2.598369275,3.9634589960000004,-1.36508972013,1.6218837240000001,15.29103426,13.46807863,1.8229556263,0.7015274534999999,0.2029788851,0.7015274534999999,-0.4985485685,73.53960176999999,145.9371086,132.0225033,13.914605280000002
97,Panama,Latin America and Caribbean,3.868,39566.5456,25,6.7860000000000005,0.0491,1.0635299999999999,1.1985,0.79661,0.5421,0.0927,0.24434,2.84848,-0.00025999999999992696,0.1031561025,0.1031561025,0.1031561025,0.0,0.0,3.968419126,3.9180173880000004,0.0504017379999999,0.5694462647,1.3856308640000001,0.5694462647,0.8161845996999999,2.3200441609999998,1.275601432,2.30406657,-1.0284651383,6.5266944979999995,0.699019151,0.5483505328,0.1506686182,1.654767388,1.559710118,1.654767388,-0.09505726990000002,11.17410841,8.991536794,9.097804245999999,-0.10626745199999958
98,Paraguay,Latin America and Caribbean,6.553,24651.79623,53,5.877999999999999,0.045630000000000004,0.75985,1.30477,0.66098,0.53899,0.08242000000000001,0.3424,2.18896,-0.0003700000000010917,0.8094544562,0.8094544562,0.8094544562,0.0,0.0,2.94591614,1.958399645,0.9875164959999996,16.16149664,5.086045212,16.16149664,-11.0754514293,0.3475421552,0.05197853529,0.03232166047,0.019656874821060003,35.2682095,5.712493457000001,5.558374757999999,0.154118699,15.37822023,9.479432335,14.61898101,-5.1395486763400005,67.96492298,24.08532014,39.13902817,-15.053708035
99,Peru,Latin America and Caribbean,30.973,180385.51308,58,5.824,0.04615,0.9001899999999999,0.97459,0.73017,0.41496000000000005,0.05989,0.14982,2.5945,-0.00011999999999989797,2.096812163,2.096812163,2.096812163,0.0,0.0,22.58454073,17.971537089999998,4.613003640999999,9.971991977,14.126937810000001,9.971991977,4.15494583,6.1392913590000004,11.288183519999999,18.04446644,-6.7562829168,83.54867632,5.752715434,3.829754483,1.9229609510999999,15.57656789,15.2104561,15.57656789,-0.36611179089999996,117.3333397,71.05964576000001,67.49113004,3.5685157200000024
100,Philippines,Southeastern Asia,99.139,248424.48898000002,90,5.073,0.049339999999999995,0.70532,1.03516,0.58114,0.62545,0.12279000000000001,0.24991,1.7536,-0.0003700000000002035,5.953927339,5.953927339,5.953927339,0.0,0.0,36.03348428,38.57660555,-2.5431212699999994,34.022503060000005,35.400540340000006,34.022503060000005,1.3780372790000002,6.586945869,20.26306443,20.45948224,-0.1964178169999998,9.229270589,9.268483474,7.5169046129999995,1.7515788605,1.5536968830000002,2.558350613,0.47818324819999997,2.08016736494,57.34634374,109.4778505,107.00760609999999,2.4702444299999997
101,Poland,Central and Eastern Europe,38.62,544105.594,60,5.791,0.04263,1.12555,1.27948,0.77903,0.53122,0.04212,0.16759000000000002,1.86565,0.0003600000000005821,3.4260096339999997,3.4260096339999997,3.4260096339999997,0.0,0.0,98.67860543,101.1799213,-2.5013158400000037,40.88798552,32.31520424,40.88798552,-8.57278128,4.139773263,2.721289166,1.093326053,1.6279631129999999,29.13528448,32.61872799,27.228745420000003,5.38998257,2.57700656,1.814134757,2.57700656,-0.7628718030000001,80.16605946,171.5739712,176.3929945,-4.81902325
102,Portugal,Western Europe,10.402,223991.467,88,5.102,0.04802,1.15991,1.13935,0.8751899999999999,0.51469,0.01078,0.13719,1.26462,0.00027000000000043656,0.25453118140000003,0.25453118140000003,0.25453118140000003,0.0,0.0,21.71810642,15.775912539999998,5.9421938800000005,2.624883789,8.72629332,2.624883789,6.101409531,0.7728040155,3.3887424,2.31639914,1.0723432599999998,8.896825303,1.431838852,7.694689141,-6.262850287000001,0.6649645163,2.842884662,0.6649645163,2.1779201449,13.214008810000001,38.36239684,29.33138031,9.03101653
103,Qatar,Middle East and Northern Africa,2.172,147481.4064,28,6.611000000000001,0.06257,1.69042,1.0786,0.79733,0.6404,0.52208,0.32573,1.55674,-0.0002999999999993008,0.1132706105,0.1132706105,0.1132706105,0.0,0.0,31.30840598,31.67698484,-0.3685788680000007,0.019311478769999998,1.068274226,0.019311478769999998,1.04896274676,2.4246181919999996,0.4142512156,0.1751220768,0.23912913881,0.0,0.4410298525,0.001957461171,0.43907239136000004,0.0001846124878,0.6561567634000001,0.0001846124878,0.65597215088,2.557384893,34.00138864,31.986831079999998,2.014557562999999
104,Romania,Central and Eastern Europe,19.652,179983.23504,86,5.124,0.06607,1.04345,0.8858799999999999,0.7689,0.35068,0.006490000000000001,0.13748,1.9312900000000002,-0.00016999999999978144,3.1353323210000004,3.1353323210000004,3.1353323210000004,0.0,0.0,27.358611510000003,26.071290440000002,1.2873210700000004,24.136769609999998,15.59013311,24.136769609999998,-8.546636506999999,1.8200960580000003,0.7117179362999999,0.02445658265,0.68726135369,25.06299537,6.867475199,9.274181167000002,-2.4067059670000006,2.4057655299999996,1.33221667,2.4057655299999996,-1.0735488598000003,56.56095889,54.995486740000004,65.04779565,-10.052308909999997
105,Russia,Central and Eastern Europe,143.429,1648529.8973,64,5.716,0.03135,1.13764,1.23617,0.6692600000000001,0.36679,0.03005,0.00199,2.27394,0.00016000000000016001,5.336686638000001,5.336686638000001,5.336686638000001,0.0,0.0,513.1438059,546.7147745,-33.57096863,138.87785319999998,132.6376459,138.87785319999998,-6.240207289999999,171.2960908,28.422042519999998,36.24287927,-7.820836751000001,621.4395453999999,98.08356472,138.8415445,-40.757979827,49.37793288,21.020486579999996,3.123697675,17.896788911599998,986.3281089,798.6442322,869.1374357999999,-70.4932036
106,Rwanda,Sub-Saharan Africa,11.342,7630.319157999999,154,3.465,0.03464,0.22208000000000003,0.7737,0.42863999999999997,0.59201,0.55191,0.22628,0.67042,-4.000000000026205e-05,0.5394948744,0.5394948744,0.5394948744,0.0,0.0,0.9196429928000001,0.2887347603,0.6309082326100001,3.985279014,3.990950309,3.985279014,0.005671294999999983,0.0614045069,0.1387816016,0.03125910373,0.107522497892,0.1628213899,2.8080595049999997,2.7793300750000003,0.028729429962,0.5894824424,0.3953588236,0.5894824424,-0.19412361888400004,5.338482227,8.792288106,8.21358027,0.5787078361
107,Saudi Arabia,Middle East and Northern Africa,30.887,654294.7645,35,6.4110000000000005,0.04633,1.39541,1.0839299999999998,0.72025,0.31048000000000003,0.32524000000000003,0.13706,2.43872,-8.999999999925734e-05,0.7590603139,0.7590603139,0.7590603139,0.0,0.0,145.1700958,195.9949677,-50.824871869999996,1.686410244,22.980432420000003,1.686410244,21.294022184,5.100147352,2.45077328,0.8508572378,1.5999160425,1.836102148,6.704478093,0.1056806069,6.5987974866,3.3894852749999997,7.33537096,1.938079479,5.3972914809,12.77120533,185.40021090000002,201.3350556,-15.934844689999998
108,Senegal,Sub-Saharan Africa,14.673,14942.83647,142,3.904,0.03608,0.36498,0.97619,0.4354,0.36772,0.10712999999999999,0.20843000000000003,1.44395,0.00019999999999997797,0.38625715120000004,0.38625715120000004,0.38625715120000004,0.0,0.0,3.93970199,2.74255127,1.1971507199999998,2.9557912089999996,4.706405053,2.9557912089999996,1.7506138435999998,2.3781980519999997,1.595960906,2.596992677,-1.00103177037,6.253445147000001,2.9286598639999997,2.7200445269999998,0.20861533701,2.423297359,2.758824088,2.423297359,0.33552672887000007,14.39698892,16.315809050000002,13.824934189999999,2.4908748579999997
109,Serbia,Central and Eastern Europe,8.893,49739.08258,87,5.122999999999999,0.048639999999999996,0.92053,1.0096399999999999,0.74836,0.20107,0.02617,0.19230999999999998,2.025,-8.00000000005241e-05,0.5719483985999999,0.5719483985999999,0.5719483985999999,0.0,0.0,13.57877599,13.75295362,-0.174177625,9.701656893,7.175422094,9.701656893,-2.5262347988,0.031302326230000004,0.2596073545,0.022220449509999997,0.237386905042,4.398580879,4.314810085,3.332896711,0.9819133736,0.1573520611,0.055062311479999994,0.1573520611,-0.1022897496,14.86084056,25.955626239999997,27.53902813,-1.5834018970000017
110,Sierra Leone,Sub-Saharan Africa,6.316,3557.006984,123,4.507,0.07067999999999999,0.33024000000000003,0.9557100000000001,0.0,0.4084,0.08786000000000001,0.21488000000000002,2.51009,-0.00018000000000029104,0.3755558969,0.3755558969,0.3755558969,0.0,0.0,0.5161262552,0.45012362190000005,0.0660026333,2.872983173,3.191328402,2.872983173,0.31834522812999994,1.3528141530000002,0.7005761883,0.7045959887,-0.00401980034,1.175509319,2.285821245,2.297554288,-0.011733042979999999,2.1330865290000003,0.6790690923,0.6096158373999999,0.06945325494,7.909949071000001,7.74847708,7.310428807,0.4380482731
111,Singapore,Southeastern Asia,5.507,285624.4099,24,6.797999999999999,0.0378,1.52186,1.02,1.02525,0.54252,0.4921,0.31105,1.8850099999999999,0.00021000000000004349,0.2327010193,0.2327010193,0.2327010193,0.0,0.0,24.30720632,18.66433125,5.642875059999995,0.00485693738,3.214102201,0.00485693738,3.209245263,0.072274774,1.290399338,0.011214760570000001,1.2791845769,0.01313163227,1.90973053,0.01178820637,1.8979423239999995,0.0,1.30009414,0.0,1.3000941403000001,0.3229643629,32.25423355,18.92489218,13.329341369999998
112,Slovakia,Central and Eastern Europe,5.423,97632.9805,45,5.995,0.04267,1.1689100000000001,1.26999,0.7890199999999999,0.31751,0.03431,0.16893,2.2463900000000003,-6.000000000039307e-05,0.6791271413000001,0.6791271413000001,0.6791271413000001,0.0,0.0,13.93856989,11.569205550000001,2.3693643399999997,5.196615851,3.5258750770000002,5.196615851,-1.6707407739999998,0.011848555690000002,0.2283110056,0.008854884246,0.21945612138,9.972474139000001,3.6597229460000005,6.303944807999999,-2.6442218629999994,0.29997974089999996,0.7202493061,0.29997974089999996,0.42026956520000003,16.16004543,22.75185536,24.05772798,-1.3058726199999973
113,Slovenia,Central and Eastern Europe,2.066,47981.6104,55,5.848,0.04251,1.18498,1.27385,0.8733700000000001,0.60855,0.03787,0.25328,1.6158299999999999,0.00027000000000043656,0.051490287239999995,0.051490287239999995,0.051490287239999995,0.0,0.0,5.8574964220000005,4.675066294,1.1824301279999996,0.6218115692,1.3567260769999998,0.6218115692,0.7349145069999999,0.008786834767,0.09618053133,0.0024222707340000003,0.09375826061999999,3.8339237489999998,1.9217823669999998,3.093923147,-1.1721407800000003,0.1793888199,0.3761406234,0.1793888199,0.19675180340000004,4.69540126,9.659816308,8.624102389,1.0357139100000001
114,South Africa,Sub-Saharan Africa,53.969,411611.30889,113,4.6419999999999995,0.04585,0.9204899999999999,1.18468,0.27688,0.33207,0.08884,0.11972999999999999,1.7195599999999998,-0.00024999999999941735,1.8915817209999999,1.8915817209999999,1.8915817209999999,0.0,0.0,141.0589755,154.3514917,-13.292516219999994,15.83757844,18.01536804,15.83757844,2.177789602999999,8.964615283,4.80117385,4.727963541,0.07321030900000013,1.044152566,12.621451310000001,15.04377029,-2.4223189780000007,30.43790379,5.936381472999999,8.706764018,-2.770382545,58.1758318,184.3249319,200.5591498,-16.23421783
115,Spain,Western Europe,46.26,1364503.464,36,6.329,0.03468,1.23011,1.31379,0.95562,0.45951000000000003,0.06398,0.18227000000000002,2.12367,4.999999999899529e-05,1.7928248359999999,1.7928248359999999,1.7928248359999999,0.0,0.0,101.2280011,84.60036751999999,16.62763357,36.7608331,38.99180889,36.7608331,2.230975800000001,2.7378455120000003,17.41884005,18.13226854,-0.7134284900000002,15.59551021,9.750814412,10.39922083,-0.6484064100000001,4.549351346,6.879491356000001,4.549351346,2.33014001,61.436365,176.0617806,156.2348662,19.826914500000015
116,Sri Lanka,Southern Asia,20.619,72305.26587,132,4.271,0.03751,0.83524,1.01905,0.70806,0.5372600000000001,0.09179,0.40828000000000003,0.67108,0.00023999999999979593,1.1626106999999999,1.1626106999999999,1.1626106999999999,0.0,0.0,13.61474452,7.876232076,5.738512444,5.985246557999999,7.158288727000001,5.985246557999999,1.1730421700000002,1.430473084,5.789923437999999,5.393385727000001,0.3965377118,0.9300378197,3.647009226,2.322005639,1.3250035877,0.4175196023,0.2151006655,0.039799938119999996,0.17530072737119998,9.925887765,31.58767728,22.77928064,8.808396641000002
117,Sudan,Sub-Saharan Africa,39.35,72291.459,118,4.55,0.0674,0.52107,1.01404,0.36878,0.10081,0.1466,0.19062,2.20857,-0.0004900000000001015,1.509024636,1.509024636,1.509024636,0.0,0.0,5.016743235000001,5.016743235000001,0.0,18.28378851,20.73558229,18.28378851,2.451793779,0.707446896,0.04373910752,0.02752745912,0.0162116484016,10.951314140000001,6.985487896,6.603117761,0.382370134838,13.77317342,13.65093116,13.77317342,-0.12224225659999999,45.2247476,47.94150832,45.21337502,2.728133305
118,Suriname,Latin America and Caribbean,0.538,4811.31248,40,6.269,0.09811,0.99534,0.972,0.6082,0.5965699999999999,0.13633,0.16990999999999998,2.79094,-0.0002899999999996794,0.051533688269999996,0.051533688269999996,0.051533688269999996,0.0,0.0,1.153550616,0.6882262779999999,0.46532433850000005,0.2178689848,0.29710677659999996,0.2178689848,0.07923779181,3.990656205,0.113282394,0.1785007127,-0.06521831867000001,43.204593380000006,0.2954214816,0.3828935517,-0.08747207007,0.015495633769999998,0.04584628400000001,0.015495633769999998,0.0303506502312,47.48014789,1.956741241,1.5345188490000001,0.4222223918
119,Swaziland,Sub-Saharan Africa,1.269,5051.59713,101,4.867,0.08742,0.71206,1.07284,0.07566,0.30658,0.0306,0.18259,2.48676,-8.999999999925734e-05,0.08902322507,0.08902322507,0.08902322507,0.0,0.0,0.8924821561999999,0.41355895789999997,0.47892319829999996,0.3375456507,0.43160839230000003,0.3375456507,0.09406274160000001,0.005883066528999999,0.02413231585,9.984039397e-05,0.02403247545633,0.06569313950000001,1.07869751,1.093129814,-0.014432303600000014,0.6348129311,0.5275031162,0.47038891619999995,0.0571142,1.132958013,3.043446716,2.403746404,0.6397003116000002
120,Sweden,Western Europe,9.703,519711.1157,8,7.364,0.03157,1.33171,1.2890700000000002,0.9108700000000001,0.6598,0.43843999999999994,0.36262,2.3711900000000004,0.000300000000000189,1.365235582,1.365235582,1.365235582,0.0,0.0,31.5736263,14.25511519,17.31851111,7.249506287000001,9.86124183,7.249506287000001,2.6117355430000004,21.055451039999998,1.407770408,0.7863458291,0.6214245789999999,62.80403364,15.62431514,49.942169189999994,-34.31785405,2.066161164,4.122466027,1.95544534,2.1670206876,94.54038770999999,63.954655280000004,75.55381741,-11.599162129999995
121,Switzerland,Western Europe,8.211,627409.8999,1,7.587000000000001,0.03411,1.3965100000000001,1.34951,0.9414299999999999,0.66557,0.41978000000000004,0.29678000000000004,2.5173799999999997,4.0000000001150227e-05,0.5611551241,0.5611551241,0.5611551241,0.0,0.0,28.58924858,13.819340050000001,14.769908529,1.452403191,5.448969347999999,1.452403191,3.9965661568999997,0.05227109588,0.5847922510000001,0.01824988565,0.56654236535,5.923883547999999,2.842198621,2.8944736919999996,-0.05227507200000062,0.9317193349,1.802442624,0.9317193349,0.8707232883999999,8.921432292999999,39.82880654,19.67734128,20.151465270000003
122,Tajikistan,Central and Eastern Europe,8.296,7405.34144,106,4.7860000000000005,0.03198,0.39047,0.8556299999999999,0.5737899999999999,0.47216,0.15072,0.22974,2.1139900000000003,-0.0004999999999997229,0.7758371637,0.7758371637,0.7758371637,0.0,0.0,1.648250508,1.64747972,0.0007707880209999998,2.455252458,3.5163572139999997,2.455252458,1.0611047565,0.09523213944,0.022025879569999997,0.0018999539480000001,0.02012592562,0.05240472607,0.929451603,0.03459770334,0.8948538997,1.118843982,1.142160815,1.118843982,0.0233168323833,4.497570468999999,8.034083183,6.033910981000001,2.0001722022000004
123,Tanzania,Sub-Saharan Africa,51.823,41777.11145,146,3.781,0.05061,0.2852,1.00268,0.38215,0.32878,0.05747000000000001,0.34376999999999996,1.38079,0.00015999999999971593,4.342065103,4.342065103,4.342065103,0.0,0.0,8.53772808,3.916799289,4.620928790900001,32.7495353,31.74813965,32.7495353,-1.001395652,2.937095626,3.813534826,4.2242484000000005,-0.41071357399999997,7.848598755,11.34055217,11.171470470000001,0.1690816968,16.21636093,16.22946603,16.21636093,0.013105106750000001,64.09365571000001,76.01148586,72.62047949,3.3910063690000003
124,Thailand,Southeastern Asia,67.726,378568.0222,34,6.455,0.03557,0.9669,1.26504,0.7385,0.5566399999999999,0.031869999999999996,0.5763,2.31945,0.000300000000000189,4.703624058999999,4.703624058999999,4.703624058999999,0.0,0.0,96.38735109000001,91.60230861,4.785042479999997,54.41981734,43.56424505,54.41981734,-10.855572290000001,13.13750691,9.399516509,8.297967187000001,1.10154933,13.14689227,13.596917470000001,17.58897263,-3.992055158999999,0.7183641124,1.15199502,0.06307704275,1.08891797746,86.1262047,168.8036492,176.6757669,-7.8721176700000015
125,Togo,Sub-Saharan Africa,7.115,3779.1749399999994,158,2.839,0.06727000000000001,0.20868,0.13995,0.28443,0.36453,0.10730999999999999,0.16680999999999999,1.56726,3.0000000000196536e-05,0.1877481973,0.1877481973,0.1877481973,0.0,0.0,2.022225411,0.8222172364000001,1.2000081745,2.5725929240000003,2.7525306989999994,2.5725929240000003,0.1799377748,0.1440009158,0.4314728208,0.06906266488,0.362410155878,0.15631732250000002,1.7840120849999999,1.8180862450000002,-0.03407416059999999,0.7982643971,0.6968817042000001,0.7301220290000001,-0.03324032479,3.8589237560000003,7.874870916,6.199829296,1.6750416193999997
126,Trinidad and Tobago,Latin America and Caribbean,1.354,22831.960399999996,41,6.167999999999999,0.10895,1.21183,1.18354,0.61483,0.55884,0.0114,0.31844,2.2688200000000003,0.0002999999999993008,0.001771743909,0.001771743909,0.001771743909,0.0,0.0,7.445499653,13.2227758,-5.777276148,0.06496131685,0.6537154976999999,0.06496131685,0.58875418085,1.8432535319999999,0.168463611,0.0874539401,0.08100967095999999,0.1973336489,0.5287626407,0.1301457962,0.39861684446000006,0.008249962853,0.2627365676,0.008249962853,0.254486604776,2.115570205,9.060949714,13.515358560000001,-4.454408846999999
127,Tunisia,Middle East and Northern Africa,11.13,47471.11949999999,107,4.739,0.03589,0.88113,0.60429,0.73793,0.26268,0.06358,0.06431,2.12466,0.00042000000000008697,0.297817778,0.297817778,0.297817778,0.0,0.0,12.02874584,9.718303199,2.310442638000001,4.422973541,7.238760147000001,4.422973541,2.815786607,2.587860451,0.8240890273,0.6478029233,0.17628610400000003,0.5823571397,2.790567713,1.6027808930000003,1.1877868200000001,0.8901342171,0.9985965298,0.8901342171,0.10846231279999999,8.781143126,24.17857703,17.57981255,6.598764479000001
128,Turkey,Middle East and Northern Africa,77.524,1031999.488,76,5.332000000000001,0.03864,1.06098,0.94632,0.73172,0.22815,0.15746,0.12253,2.08528,-0.0004399999999993298,2.6429537909999996,2.6429537909999996,2.6429537909999996,0.0,0.0,148.2045119,119.73584170000001,28.468670149999998,54.33030556,62.179650259999995,54.33030556,7.8493446900000015,3.2301640330000003,2.3021847180000004,1.897286866,0.40489785299999964,44.5013156,24.92741981,14.7633782,10.164041617,6.877689361000001,8.42881854,6.877689361000001,1.551129179,111.58242840000001,248.685539,200.2474555,48.43808352
129,Turkmenistan,Central and Eastern Europe,5.307,33960.925890000006,70,5.547999999999999,0.04175,0.95847,1.22668,0.53886,0.4761,0.30844,0.16979,1.8698400000000002,-0.00018000000000117922,0.37668740230000003,0.37668740230000003,0.37668740230000003,0.0,0.0,22.67630782,23.63021881,-0.9539109853,2.496064853,2.8869971989999996,2.496064853,0.3909323466,0.6680957426999999,0.03957602162,0.019958906069999997,0.019617115549999998,0.07766492445,0.45430379719999997,0.0,0.45430379719999997,10.22718475,3.0904430699999996,2.973792963,0.11665010649,13.84569767,29.52431531,29.49672293,0.02759238099999982
130,Uganda,Sub-Saharan Africa,37.783,24289.821691,141,3.931,0.04317,0.21101999999999999,1.13299,0.33860999999999997,0.45726999999999995,0.07267,0.29066,1.42766,0.00012000000000034206,1.354426951,1.354426951,1.354426951,0.0,0.0,3.819683345,1.7979727869999997,2.0217105574999996,12.090606900000001,11.14105968,12.090606900000001,-0.9495472146,1.5086388730000002,3.6759057939999997,3.8070920669999997,-0.13118627288999998,0.3739375897,19.386496190000003,19.15533368,0.23116251321,5.514430393,5.468879374,5.514430393,-0.04555101958,20.8420407,44.84645134,43.719862770000006,1.126588565
131,Ukraine,Central and Eastern Europe,45.002,140582.64784,111,4.681,0.04412,0.79907,1.20278,0.6739,0.25123,0.02961,0.15275,1.5714,0.00025999999999992696,3.7760830710000004,3.7760830710000004,3.7760830710000004,0.0,0.0,72.94128091,87.18578395,-14.244503049999999,83.60030934000001,45.93292951,83.60030934000001,-37.667379834,6.888319244,3.4307542589999995,1.1553736159999999,2.2753806435999997,19.28956224,6.583535980000001,9.685019667999999,-3.1014836879999996,6.485986841,0.7225939814000001,0.258367814,0.46422616744,120.0402607,133.3871777,185.6609375,-52.27375975
132,United Arab Emirates,Middle East and Northern Africa,9.086,354666.5584,20,6.901,0.03729,1.42727,1.12575,0.80925,0.64157,0.38583,0.26428,2.24743,-0.0003800000000016013,0.0,0.0,0.0,0.0,0.0,71.35714132,66.17691549,5.18022582,0.21703089120000002,7.631007061000001,0.21703089120000002,7.413976173999998,4.227253695,2.741271742,1.347549355,1.3937223862,0.6042786946,4.659344271000001,0.007141734806999999,4.652202535900001,0.01126136175,2.224547185,0.01126136175,2.2132858233,5.059824642,88.61331158,67.75989884,20.853412740000003
133,United Kingdom,Western Europe,64.331,2631697.5797,21,6.867000000000001,0.01866,1.26637,1.28548,0.90943,0.59625,0.32066999999999996,0.51912,1.9699400000000002,-0.0002599999999990388,10.012212300000002,10.012212300000002,10.012212300000002,0.0,0.0,192.7512806,143.39925359999998,49.352026900000006,32.94998955,53.550880770000006,32.94998955,20.600891211999997,19.265455449999997,5.270421222,5.945631,-0.6752097779999999,7.859615085,31.07557949,7.322147837,23.753431648999996,7.435343467,16.07944231,7.435343467,8.644098844,77.52261585,308.7398167,207.06457780000002,101.67523882999998
134,United States,North America,319.449,16222418.8425,15,7.119,0.03839,1.3945100000000001,1.24711,0.86179,0.54604,0.1589,0.40105,2.51011,-0.0005100000000002325,26.66103735,26.66103735,26.66103735,0.0,0.0,1909.487412,1813.227446,96.25996600000003,428.62322789999996,332.0120075,428.62322789999996,-96.61122038999999,105.6176334,43.19568612,37.47994273,5.7157434,494.9362059,265.70252819999996,268.48389810000003,-2.7813698400000035,88.9919203,95.46813315,88.9919203,6.476212850000001,1144.830025,2672.526804,2663.467472,9.059332
135,Uruguay,Latin America and Caribbean,3.42,47389.914,32,6.485,0.04539,1.06166,1.2089,0.8116,0.6036199999999999,0.24558000000000002,0.2324,2.3214200000000003,-0.00017999999999940286,0.4981878714,0.4981878714,0.4981878714,0.0,0.0,2.7278649730000004,2.2693195690000003,0.45854540399999966,6.527187791,0.8077774068,6.527187791,-5.719410384000001,7.472104171,0.1856240741,0.5636207456,-0.3779966714,4.20976751,1.334124949,7.966869427,-6.6327444778,16.59627644,4.640633665,14.60227859,-9.961644932,35.30352378,10.19421294,32.427464,-22.233251059999997
136,Uzbekistan,Central and Eastern Europe,29.47,51410.1203,44,6.002999999999999,0.04361,0.63244,1.34043,0.59772,0.6582100000000001,0.30826,0.22837,2.2374099999999997,0.00015999999999927184,2.362998329,2.362998329,2.362998329,0.0,0.0,36.31425404,35.64920764,0.6650463990000002,15.760679029999999,17.23826218,15.760679029999999,1.4775831500000005,0.8089216477,0.1560789585,0.08641905654,0.0696599019508,1.658454507,2.733244853,0.01706820031,2.71617665317,5.621081028,5.1656479189999995,5.09976988,0.0658780387355,26.212134539999997,63.97048628,58.97614214,4.994344141999999
137,Venezuela,Latin America and Caribbean,30.694,420784.046,23,6.81,0.06476,1.04424,1.25596,0.7205199999999999,0.42908,0.11069000000000001,0.058410000000000004,3.1913099999999996,-0.00021000000000004349,1.073140764,1.073140764,1.073140764,0.0,0.0,55.7213999,55.63487242,0.08652748200000078,4.081620053999999,14.10639466,4.081620053999999,10.024774605760001,7.306643655,2.4897481690000003,2.079334579,0.4104135900999999,52.792103909999994,3.485822086,2.545099318,0.94072276793,17.27012901,23.530386649999997,17.27012901,6.26025764177,82.52363739,100.4068922,82.68419614,17.722696093000003
138,Vietnam,Southeastern Asia,92.423,147539.45605,75,5.36,0.03107,0.63216,0.9122600000000001,0.7467600000000001,0.59444,0.10440999999999999,0.1686,2.20173,-0.0003599999999996939,10.38427458,10.38427458,10.38427458,0.0,0.0,72.73121501,58.16821513,14.562999880000003,54.977665,54.514609289999996,54.977665,-0.4630557100000009,14.78649435,4.303288357,6.5755043650000005,-2.272216007000001,15.67713878,17.40100019,12.3948305,5.0061696840000005,0.8527450192,0.9344311528,0.2053953529,0.7290357998742,96.67831772,160.2688186,142.7058849,17.56293364
139,Yemen,Middle East and Northern Africa,26.184,28831.726079999997,136,4.077,0.04367,0.5464899999999999,0.68093,0.40064,0.35570999999999997,0.07854,0.09131,1.92313,0.00024999999999941735,0.7719412448,0.7719412448,0.7719412448,0.0,0.0,12.90989437,8.079959221,4.8299351442,1.594223294,6.927284857999999,1.594223294,5.333061563699999,4.931810938,1.04270402,1.8346482,-0.7919441790999999,1.031750337,1.088550619,0.1943818143,0.8941688049054999,2.9103316400000003,3.650951732,2.9103316400000003,0.74062009147,11.24005745,26.39132684,15.38548541,11.005841423999998
140,Zambia,Sub-Saharan Africa,15.721,25480.91122,85,5.129,0.06988,0.47038,0.91612,0.29924,0.48827,0.12468,0.19591,2.6343,9.999999999976694e-05,0.6253926904,0.6253926904,0.6253926904,0.0,0.0,3.400736476,1.4053824240000001,1.9953540526,3.557836224,3.134191425,3.557836224,-0.42364479890000006,0.3390117087,0.5471373778,0.1244938771,0.422643500735,13.748570560000001,4.778477538,4.649558442,0.12891909621,13.306868119999999,2.511538276,2.4626532919999997,0.048884983814000006,31.5776793,14.99747378,12.82531695,2.172156834
141,Zimbabwe,Sub-Saharan Africa,15.246,14327.88588,115,4.61,0.0429,0.271,1.0327600000000001,0.33475,0.25861,0.08079,0.18987,2.44191,0.00030999999999981043,0.2761803779,0.2761803779,0.2761803779,0.0,0.0,5.326337108,4.227719213,1.0986178949,1.8097424880000001,2.4016913,1.8097424880000001,0.5919488112,0.14376743830000002,0.1214016376,0.015077190209999999,0.10632444740000001,1.619844043,4.070550193,3.919910562,0.15063963048999998,4.396140249,4.39340366,4.396140249,-0.0027365891399999966,8.245674597,16.589564279999998,14.64477008,1.9447941950000003
